{
    "parent": "item/generated",
    "display": {
        "thirdperson_righthand": {
            "rotation": [ 0, -90, 55 ],
            "translation": [ 0, 4.0, 0.5 ],
            "scale": [ 0.85, 0.85, 0.85 ]
        },
        "thirdperson_lefthand": {
            "rotation": [ 0, 90, -55 ],
            "translation": [ 0, 4.0, 0.5 ],
            "scale": [ 0.85, 0.85, 0.85 ]
        },
        "firstperson_righthand": {
            "rotation": [ 0, -80, 27 ],
            "translation": [ 0.5, 3.8, 0.5 ],
            "scale": [ 0.6, 0.6, 0.6 ]
        },
        "firstperson_lefthand": {
            "rotation": [ 0, 100, -27 ],
            "translation": [ 0.5, 3.8, 0.5 ],
            "scale": [ 0.6, 0.6, 0.6 ]
        }
    }
}

By lluri, all rights reserved.